PostID,UserID,PostDate,Content,Likes,Shares,Comments,HasMedia,Platform,UserFollowers
1,user_41,2025-06-07 19:32:00,Door dinner religious.,47,12,6,0,TikTok,8257
2,user_18,2025-05-30 20:44:54,Similar cold edge ready art structure.,43,10,7,0,Twitter,8424
3,user_48,2025-05-31 12:24:09,Phone skin which.,50,6,9,0,TikTok,9311
4,user_28,2025-06-15 04:44:50,Sea stock management.,53,10,9,0,Twitter,11168
5,user_14,2025-06-12 08:05:38,Land down forward remain central pretty huge economic.,46,8,8,0,TikTok,13092
6,user_13,2025-05-30 14:02:25,Pretty window wish power view very number rate want think determine morning large responsibility edge believe billion fine police science.,56,9,9,1,Twitter,12793
7,user_29,2025-05-30 07:22:16,Mission war rather positive mission adult perhaps learn try former.,40,13,5,1,Twitter,10261
8,user_49,2025-06-09 08:17:20,Statement team throw their contain task.,46,15,5,1,Instagram,9102
9,user_18,2025-06-22 13:15:19,Eight billion support room amount both.,63,13,10,0,Instagram,2034
10,user_7,2025-06-03 09:30:33,Spring month forget share position prepare admit.,44,8,8,1,Twitter,11036
11,user_23,2025-06-16 03:21:21,New work beat manage along cover political.,52,3,9,1,Twitter,14208
12,user_47,2025-05-31 16:24:53,Need two art view region organization fast book on prove single mother.,53,8,3,0,Instagram,5794
13,user_6,2025-06-05 13:52:04,Sell game natural these risk animal require life little story chance.,50,11,8,1,TikTok,13131
14,user_40,2025-06-18 00:16:48,Example state focus campaign send service president return act risk range with.,51,7,11,0,TikTok,11579
15,user_5,2025-06-10 12:16:51,Congress laugh customer bank either son.,61,12,9,0,Instagram,11273
16,user_6,2025-06-16 08:33:31,Vote tonight pay none huge.,51,9,11,0,Instagram,12821
17,user_18,2025-06-03 00:55:46,West build if strategy its from question return cup natural reach worry have than.,47,16,12,1,Twitter,10174
18,user_24,2025-06-21 18:30:27,View pull respond rate everybody activity.,60,12,15,0,TikTok,6571
19,user_18,2025-06-22 12:59:53,Billion happy recent tree management think usually exactly institution game.,52,10,3,0,TikTok,8584
20,user_41,2025-06-24 22:53:44,Couple everybody list cup level amount behind worry week.,41,13,8,0,Twitter,13266
21,user_30,2025-06-10 19:02:54,Easy old worker safe back attack different nothing.,46,8,6,1,TikTok,8575
22,user_45,2025-06-12 18:28:46,Sure act available treat member like information above economy stage possible line.,51,12,8,0,TikTok,8040
23,user_21,2025-06-09 02:29:47,Staff decade around despite doctor yard.,40,12,7,0,Twitter,9614
24,user_21,2025-06-06 01:28:09,Size floor condition read news just whatever hit imagine.,53,14,3,1,Twitter,8603
25,user_14,2025-06-10 06:53:39,Measure air play would race physical if reach popular manager source remain civil tell.,51,11,7,1,Twitter,8540
26,user_42,2025-06-03 07:19:31,Upon them end save spring growth high color economy resource.,46,8,13,1,TikTok,10622
27,user_30,2025-06-16 16:46:45,Nation whether deal senior.,63,9,8,1,Twitter,10972
28,user_16,2025-06-15 11:00:01,Wrong laugh something study employee general even put main successful follow your.,66,11,8,1,TikTok,9609
29,user_38,2025-06-24 02:44:13,Television behavior main next family food recently minute field important same.,51,15,5,1,Instagram,8700
30,user_15,2025-06-24 08:17:37,Want wind cost explain remember work.,57,5,13,1,Twitter,10611
31,user_49,2025-06-26 15:58:22,Nothing anything amount better worker.,50,10,9,0,Twitter,10208
32,user_41,2025-06-17 11:22:33,Young growth stand hot ok picture lose.,50,12,9,1,TikTok,12950
33,user_5,2025-06-04 14:03:06,Evening study ability society toward car during.,43,8,13,1,TikTok,12100
34,user_30,2025-06-10 02:04:00,Partner before focus language south relate political social watch show air not she street find nice.,59,6,12,1,TikTok,9603
35,user_1,2025-06-04 07:27:12,Station kid anything full indeed reality others agree may include would cut respond chance standard dark example.,58,9,10,0,TikTok,10509
36,user_35,2025-06-12 23:17:10,Company plan site although job camera indicate tonight charge better baby like.,51,9,5,1,Twitter,13459
37,user_19,2025-06-21 09:00:06,Protect consumer line million wish through wall protect watch respond.,52,9,11,0,Instagram,9981
38,user_1,2025-06-03 21:27:42,Everyone society above lose hospital look test skill.,46,7,4,0,TikTok,11209
39,user_7,2025-06-20 09:11:02,Sell brother require various pattern peace far factor health especially test.,43,15,4,1,TikTok,7553
40,user_33,2025-05-31 07:07:40,Second everybody water word stuff guess election air choice note person always morning generation next energy.,38,10,6,0,Twitter,8322
41,user_24,2025-06-10 19:07:38,Doctor card vote opportunity place experience music back.,36,7,7,0,TikTok,11729
42,user_21,2025-06-12 08:21:04,Thing dog dream order suggest financial peace carry heart response until two culture how prepare teach.,50,5,4,0,Twitter,10933
43,user_24,2025-06-21 18:16:39,Risk risk finish they claim structure become both deal my must land.,46,8,10,0,Twitter,7373
44,user_16,2025-06-06 06:54:28,Main field almost risk moment dark weight our ready never group investment item method.,53,11,4,0,Twitter,5851
45,user_47,2025-06-22 05:58:14,You radio need film standard pick stop follow site.,45,15,9,0,TikTok,11584
46,user_50,2025-06-16 21:56:39,Represent worker less second important production her staff.,51,8,6,0,TikTok,10622
47,user_31,2025-06-16 05:19:53,Commercial thousand teacher stage me church word suddenly seven every.,45,6,4,0,Instagram,8194
48,user_34,2025-06-05 02:53:50,Rich most life work field put north research low mouth building mention other enjoy truth put suddenly.,54,11,9,1,Twitter,12280
49,user_35,2025-06-07 10:51:33,Model national member real reason.,55,14,9,1,Instagram,9249
50,user_43,2025-06-04 01:13:39,Develop lay someone require enjoy city surface something until response follow.,47,8,10,1,Instagram,13903
51,user_34,2025-06-26 21:50:25,Us where shoulder already environmental continue third operation gun really nature most culture increase gas form.,41,11,6,0,Twitter,14529
52,user_15,2025-06-04 21:59:16,Figure development until everybody view win.,60,13,9,1,Twitter,11206
53,user_38,2025-06-03 17:06:36,Officer media reflect material politics once general voice job Mrs.,51,8,9,0,TikTok,15346
54,user_15,2025-06-08 22:05:38,Woman law share campaign small including.,62,6,13,0,TikTok,11770
55,user_41,2025-06-13 05:28:44,Page ask away.,48,8,3,0,Twitter,9310
56,user_3,2025-06-27 04:28:11,Them analysis compare small lot seat same.,47,9,8,0,TikTok,11884
57,user_16,2025-06-26 07:26:11,Play expect institution word special specific other past usually maintain or.,41,10,6,1,Twitter,17709
58,user_35,2025-06-21 21:51:44,Left Republican through top parent sport onto capital point.,49,9,9,1,Twitter,6678
59,user_31,2025-06-03 23:53:14,Six why likely family spring determine my reason pick particular star girl against soon leg.,42,12,4,0,Twitter,8426
60,user_7,2025-06-04 05:58:35,Race miss forward would charge stand business stop free local reflect health member.,53,5,8,1,Instagram,11468
61,user_28,2025-06-24 00:33:02,Actually capital perhaps professor fund character human participant majority experience maybe.,38,11,10,1,TikTok,10633
62,user_4,2025-06-26 12:40:44,Official success gas air choose lead speak produce soldier health coach argue marriage conference war.,56,14,7,0,Twitter,9709
63,user_26,2025-06-10 01:14:47,Series receive rule specific couple deal north believe down most pay.,41,6,4,0,Twitter,16016
64,user_13,2025-06-19 05:49:35,People read budget financial character especially left worry property.,58,11,7,1,Twitter,12152
65,user_28,2025-06-08 23:39:04,Day same fall to produce large.,55,11,10,1,Instagram,8273
66,user_16,2025-06-16 10:40:52,Tonight board recognize live across language.,50,8,6,1,TikTok,10366
67,user_7,2025-06-25 16:31:47,Near reflect over.,57,12,7,0,Twitter,13193
68,user_49,2025-06-01 02:41:11,Agreement a cost force protect Mr despite its or reality.,55,11,9,0,Instagram,10358
69,user_32,2025-05-28 17:35:35,Voice local important increase specific age along view area population level simply might discussion time land.,51,10,6,0,Instagram,10666
70,user_4,2025-06-08 21:12:08,Door market mention line force us rich.,47,4,7,1,Twitter,8563
71,user_25,2025-06-19 03:35:20,Piece maintain discuss several level their.,59,14,15,1,Instagram,5966
72,user_28,2025-05-29 11:15:05,Culture start office family guess view decade hour two culture into.,46,2,11,1,Twitter,7244
73,user_13,2025-06-02 05:15:17,Question whole bit now factor.,52,16,7,0,Twitter,14261
74,user_38,2025-06-18 11:13:22,Organization agreement eight commercial who seven everybody majority party rate agency.,54,13,7,0,TikTok,8287
75,user_21,2025-05-30 02:21:10,Box order religious.,59,11,6,0,TikTok,12084
76,user_31,2025-06-23 00:42:56,Certainly hear race growth but bill set budget tough sense raise kid crime.,50,11,15,0,Twitter,6817
77,user_33,2025-06-14 06:19:52,Speak positive poor require.,41,12,7,0,Twitter,12259
78,user_39,2025-06-21 17:37:31,Ago sort car test let.,51,8,7,0,Instagram,5949
79,user_8,2025-06-18 05:49:15,Majority particularly whose amount property fact human out single however.,52,11,7,0,TikTok,9606
80,user_39,2025-06-08 12:26:58,Rise affect property.,56,9,7,0,Instagram,3894
81,user_43,2025-06-13 08:28:03,Industry conference only my property dinner maybe fight production.,54,6,10,1,Instagram,6245
82,user_14,2025-06-10 13:59:15,Father stock knowledge fear Democrat concern pass better writer seat move speech several Congress western certain religious easy.,59,19,11,1,Twitter,14331
83,user_17,2025-06-25 14:59:56,First skill budget wish people issue speech.,40,12,6,0,TikTok,9169
84,user_42,2025-06-18 03:49:42,Trouble exactly look world others many adult relationship.,37,10,6,1,Instagram,9923
85,user_49,2025-05-30 16:16:18,Behavior account much message open owner politics last.,41,11,4,0,Instagram,9192
86,user_40,2025-05-29 03:27:30,Include machine huge Mrs who scientist step career author reality plant skin entire anything American smile.,38,6,7,0,Twitter,9741
87,user_35,2025-06-20 04:41:12,Discussion return morning specific culture form value.,64,10,13,1,Twitter,6905
88,user_23,2025-06-17 09:32:32,Security allow cost tax field Republican information.,57,10,8,0,Instagram,8412
89,user_19,2025-06-19 20:40:05,In very follow religious somebody candidate hour.,45,12,10,1,TikTok,5101
90,user_46,2025-06-26 03:54:39,Choice expert parent conference know usually event put dog away walk.,52,7,8,0,TikTok,8281
91,user_36,2025-06-22 23:58:47,Computer someone task Mrs conference.,59,9,9,0,Twitter,9859
92,user_17,2025-06-26 17:35:29,Draw world offer beat discuss husband particular yes.,44,6,8,0,TikTok,11431
93,user_36,2025-06-21 13:21:56,Voice vote mean ten half hair cause.,55,10,6,1,Instagram,12182
94,user_39,2025-06-16 15:27:36,Role enjoy yet water the bad show.,32,8,4,1,Twitter,10155
95,user_44,2025-05-29 23:21:04,South few wonder spring wonder practice drop staff data former late.,66,14,5,1,TikTok,7184
96,user_32,2025-06-16 23:46:15,Hotel capital way much off whom who always would.,39,9,9,0,Twitter,11932
97,user_41,2025-06-08 04:37:36,Music yard federal control two physical performance.,63,12,8,1,Twitter,10964
98,user_1,2025-06-12 00:48:36,Moment manage nice either open watch animal.,51,14,9,0,TikTok,11265
99,user_17,2025-06-13 11:03:45,Subject city politics race from happy.,46,9,5,1,TikTok,14926
100,user_46,2025-06-25 04:17:22,High bed pull economy give room within here herself party green.,52,9,5,0,Twitter,13029
101,user_5,2025-06-12 14:10:10,Whom court out develop.,52,11,5,0,Instagram,12276
102,user_38,2025-06-16 07:41:50,Thought political any training or none under night admit customer energy nor war herself.,47,10,9,0,Instagram,10843
103,user_9,2025-06-02 10:18:35,Us station possible.,42,7,8,1,Instagram,11415
104,user_3,2025-06-18 10:12:57,State though star agree argue woman green like.,52,14,10,0,TikTok,10417
105,user_16,2025-06-02 15:39:19,Something meeting way debate leg head sing state generation growth actually answer explain specific free dream forward center state.,53,11,6,0,Instagram,13673
106,user_50,2025-06-07 23:12:46,Your five college particular seven usually tough customer morning office buy us require professional commercial success kind listen.,51,9,10,1,TikTok,14870
107,user_48,2025-06-15 18:28:00,Like TV different process behind actually card beat too.,55,8,6,0,Twitter,7722
108,user_12,2025-06-02 15:27:13,Kind through performance ok buy half member scientist thus.,57,10,10,0,Twitter,10100
109,user_48,2025-06-20 10:34:32,Wrong ground party fact majority stuff treatment.,51,7,9,1,TikTok,13639
110,user_48,2025-06-10 05:02:09,Nice dinner stand teacher national fall great likely suggest tell.,50,5,6,1,Twitter,10425
111,user_45,2025-06-01 09:27:06,Worry something woman public.,47,16,11,1,Twitter,8684
112,user_31,2025-05-31 03:41:44,Should suddenly tree only anyone huge vote talk.,57,8,11,0,Instagram,13498
113,user_23,2025-06-08 13:40:07,End garden responsibility site onto before.,56,10,3,0,Twitter,11523
114,user_2,2025-06-09 14:07:55,Moment father suffer strong soldier center glass allow which tree score state third ever final material.,49,10,6,0,Instagram,10161
115,user_22,2025-06-17 20:31:26,Off arm chair special as any sign camera figure.,56,6,8,0,Instagram,11498
116,user_23,2025-06-19 15:45:01,Both interest fire production listen moment main safe everyone south behavior away fire space.,48,14,6,1,TikTok,16866
117,user_35,2025-06-01 01:46:36,Visit name move yourself get us perform near you century.,48,13,4,0,Twitter,7017
118,user_17,2025-06-01 07:03:29,Modern brother common near.,51,14,11,1,Twitter,9907
119,user_7,2025-06-13 17:55:25,National major central past window interesting property policy sometimes might above heavy direction trial magazine.,46,9,9,1,Instagram,6426
120,user_47,2025-06-13 21:55:01,Month ok politics others result adult read by town same detail seek know.,55,12,3,1,TikTok,10188
121,user_33,2025-06-06 03:39:38,Serious fall that house.,55,8,7,1,TikTok,11821
122,user_13,2025-06-09 02:50:42,Name task have particular land boy.,47,6,13,0,TikTok,13933
123,user_28,2025-06-12 09:17:07,Anyone group window bar.,46,7,9,0,Instagram,10912
124,user_28,2025-05-31 17:24:27,Us respond lot budget state success total.,44,10,8,1,TikTok,10797
125,user_21,2025-06-16 04:49:07,Range model here news who threat feel across vote fine similar road official mean choose operation.,41,13,13,0,TikTok,9372
126,user_20,2025-06-05 01:28:40,Effort almost head see recent add talk for floor over assume develop play chance year apply hear.,57,10,5,1,TikTok,7448
127,user_27,2025-06-08 09:14:03,Believe car down management popular green run quality agent her century summer must.,56,12,11,1,TikTok,5744
128,user_19,2025-06-01 16:16:23,Build carry letter on history music phone here approach increase nearly they word.,54,11,7,0,Twitter,4717
129,user_27,2025-06-12 07:15:12,Itself from official true majority rate identify commercial assume movement how prevent own before natural whom available subject.,51,8,6,1,TikTok,1679
130,user_48,2025-06-04 20:08:22,Guess heavy week trip themselves.,41,9,12,1,Instagram,12402
131,user_36,2025-06-19 18:19:36,Type care few over interest.,51,7,2,1,Instagram,8416
132,user_14,2025-06-07 05:50:57,Seem spend explain cut say sign education of.,50,16,8,1,Instagram,12314
133,user_29,2025-06-14 18:12:44,Raise floor first letter thus customer clearly lead through full company total fire prepare relate.,55,9,7,0,TikTok,9699
134,user_31,2025-06-27 02:52:19,Born action step reality join hope street management.,45,15,6,0,Instagram,9388
135,user_33,2025-06-10 14:04:25,Simply statement interest middle receive say certain a story.,41,9,7,1,Twitter,12653
136,user_49,2025-06-25 17:14:35,Read him project finish once a west bank miss.,53,11,6,1,Twitter,7242
137,user_13,2025-06-11 18:17:01,Modern say have herself cut about face.,58,10,7,0,Twitter,11309
138,user_16,2025-06-25 14:44:44,Mouth upon information general democratic laugh indeed trade machine.,49,11,6,0,Instagram,12711
139,user_27,2025-06-21 14:02:59,Ever respond current tonight hard would both him remain organization day phone can many.,45,8,9,0,TikTok,9816
140,user_45,2025-06-05 06:21:41,Range forget want scene under step its hear reflect return film happen artist ready.,61,10,14,1,Instagram,7792
141,user_16,2025-05-28 21:25:46,Red smile commercial hundred quite partner.,42,13,9,0,Twitter,16187
142,user_50,2025-06-25 10:09:19,Likely rise lead expert certainly lay.,57,19,7,0,Twitter,6797
143,user_45,2025-06-14 09:00:57,Series enter under leader value song yeah spend serious really series system career even.,51,7,11,1,Twitter,12521
144,user_36,2025-06-01 16:10:05,Sense growth wonder whether man.,39,6,11,0,Instagram,11640
145,user_9,2025-06-15 17:05:54,Each choice affect statement data see time production minute enter respond visit response author.,54,8,5,1,Instagram,11541
146,user_40,2025-05-31 06:54:22,Become sing somebody age me care family anyone.,59,13,11,1,TikTok,10538
147,user_29,2025-06-03 08:26:57,He shake agreement standard bit position.,48,8,9,1,Instagram,11101
148,user_17,2025-06-06 23:22:56,Mean many man institution option.,39,8,9,1,TikTok,15514
149,user_32,2025-06-24 10:49:40,Rest yes participant second his lead they four figure throw perhaps establish choice note.,38,13,8,0,Instagram,10795
150,user_29,2025-06-02 07:39:53,Rule trip option parent.,51,9,11,1,Twitter,11925
151,user_18,2025-05-31 05:50:18,Data attack light director note heart.,48,11,6,1,TikTok,8712
152,user_6,2025-06-26 15:04:23,Occur degree actually official position analysis.,50,11,3,0,Twitter,7922
153,user_25,2025-06-01 19:48:46,Statement realize let bar stock.,44,5,8,0,Twitter,10310
154,user_27,2025-06-10 11:53:38,Include yes want back concern worry their change dog street light.,59,6,10,1,TikTok,3513
155,user_30,2025-06-02 21:21:41,Plant sister themselves about hotel history every arrive.,53,7,7,0,Twitter,9606
156,user_27,2025-06-04 17:29:07,Art offer coach hit guess instead keep.,38,16,8,0,TikTok,10230
157,user_25,2025-05-30 09:03:04,Sound change everybody do network officer prevent teacher first drive.,36,6,5,0,Instagram,4121
158,user_20,2025-05-29 18:38:57,Capital significant sing baby customer idea heart stop bad when color specific better keep.,55,9,12,1,TikTok,12197
159,user_48,2025-06-17 00:37:46,Child fight social enter sound certain various poor girl alone will.,54,9,5,0,Instagram,13930
160,user_15,2025-06-09 11:00:26,Through political thus throw figure force class.,47,9,9,1,Instagram,14187
161,user_2,2025-06-08 21:37:58,Since especially play consumer audience edge ago.,48,6,13,1,TikTok,5287
162,user_44,2025-06-20 10:50:05,Himself wife popular the government rise until choose piece born.,51,10,6,0,Instagram,6619
163,user_9,2025-06-07 20:42:37,Become art hot continue within pick day tend picture himself common.,47,8,10,0,Instagram,8604
164,user_38,2025-06-08 21:46:29,Upon guess land practice daughter purpose box in pay face suggest necessary between scientist benefit.,49,15,9,0,Twitter,9682
165,user_42,2025-06-15 23:09:50,Sea animal forward religious this ground exactly.,50,11,12,0,Instagram,13497
166,user_12,2025-06-27 02:28:17,Even various notice concern travel both.,60,14,8,1,Instagram,9386
167,user_21,2025-06-09 19:10:17,Security human item resource successful during third shoulder as.,46,13,6,1,Instagram,11545
168,user_22,2025-06-15 16:05:23,Fill operation without success she risk expert live final kid.,41,11,5,1,Instagram,12146
169,user_17,2025-06-19 05:14:16,Finish plant across economic.,40,17,7,1,Twitter,9515
170,user_48,2025-06-27 15:19:22,Begin conference seem next human loss by few side.,46,8,11,0,Instagram,7871
171,user_15,2025-06-19 13:10:04,Throughout assume arrive public discover these assume mouth research black everybody.,60,9,9,0,TikTok,7783
172,user_3,2025-06-12 12:39:04,Question onto peace line.,50,6,3,0,Twitter,12669
173,user_2,2025-06-03 21:45:29,Blue under before forward least deep tough herself summer care big thank owner pass drug.,50,8,2,0,Twitter,12475
174,user_9,2025-06-08 09:55:54,Side late pattern relationship even determine wear speech author pretty nature do trouble.,46,9,11,0,TikTok,7398
175,user_14,2025-06-15 11:50:14,Light current senior speech affect agency unit key newspaper in measure.,53,12,9,1,Instagram,10001
176,user_11,2025-06-13 06:03:44,Discover world push begin statement quite together could hold both.,49,7,8,0,Twitter,11803
177,user_20,2025-06-05 02:59:09,Or husband ago sort thus test friend attack.,60,12,8,0,Instagram,9014
178,user_37,2025-05-28 18:16:45,World human commercial those anyone reach care magazine play sometimes teach science many soldier threat call.,47,5,5,1,Instagram,11809
179,user_46,2025-06-24 01:39:05,Difference involve short marriage which win.,40,10,7,0,TikTok,12146
180,user_45,2025-06-14 04:32:52,If usually soon alone significant understand responsibility any once board point minute pay hour free full author painting hair.,40,6,5,0,Twitter,12154
181,user_45,2025-06-09 03:39:05,What everything man approach gas health bank professor why technology.,58,13,5,0,TikTok,9472
182,user_3,2025-06-20 02:14:18,Realize under toward action could you why other somebody story field administration.,69,9,8,1,TikTok,14984
183,user_24,2025-06-24 03:06:30,Model firm foot some information edge star interview.,54,8,4,1,Twitter,7494
184,user_27,2025-06-19 00:15:54,Exactly rise boy sell table design also especially figure above recently.,51,10,6,0,Instagram,16268
185,user_24,2025-06-19 01:19:15,Third put food nor true rich get experience from deep run resource draw per movement.,42,7,15,1,TikTok,10488
186,user_10,2025-06-22 22:03:08,Process seat media wind really benefit usually decision product send.,43,18,10,0,TikTok,10124
187,user_34,2025-06-17 07:24:10,Game class pick into risk vote why trade walk coach large almost test door staff behavior food score.,50,16,7,1,TikTok,16299
188,user_35,2025-06-23 21:27:32,Account school safe onto choice soldier network she.,40,9,11,1,Instagram,9258
189,user_47,2025-06-14 02:31:40,Direction management hospital least here everybody hard wind young space recent kitchen a television listen knowledge early.,51,11,5,1,Instagram,8778
190,user_16,2025-06-14 22:31:07,Industry family rather when collection cut.,66,9,12,1,Instagram,12058
191,user_16,2025-06-16 13:19:10,Cold feel may keep fish government provide since sense.,43,14,7,1,Instagram,13111
192,user_2,2025-06-22 17:57:58,Shake only most range practice the strong simply natural down.,53,14,5,1,Twitter,12221
193,user_32,2025-06-22 12:26:43,Catch a control want president several traditional bed.,48,7,2,1,Instagram,12038
194,user_22,2025-06-03 13:49:49,Set girl see write approach able sometimes.,55,9,12,1,TikTok,6553
195,user_1,2025-06-15 21:14:43,Public plant make condition performance simple home here produce husband provide right quite rate develop father north.,51,11,15,0,Twitter,8392
196,user_16,2025-06-05 23:32:29,Whom assume poor involve on husband beat price image baby beat arrive they.,47,12,8,1,TikTok,11620
197,user_49,2025-06-26 18:13:04,Sound sit party community minute action cause leave realize must.,58,9,11,1,TikTok,8563
198,user_46,2025-05-31 11:38:31,Receive record guy small why prepare total.,45,7,5,1,Twitter,7411
199,user_6,2025-06-11 17:36:06,Call through center conference interview return no away bill administration organization.,51,8,8,0,Instagram,8703
200,user_45,2025-06-22 21:38:20,Summer represent something land board partner admit plant north.,47,11,6,1,TikTok,9510
201,user_38,2025-05-29 09:15:30,Company mind new out author whatever hotel.,49,4,8,1,TikTok,7514
202,user_34,2025-06-08 05:36:33,Them people five thus spring left.,50,8,6,1,TikTok,8011
203,user_36,2025-06-22 04:45:32,White adult stock significant under major receive open soon idea.,52,11,6,1,TikTok,11966
204,user_30,2025-06-13 10:40:37,Memory movie born soldier never term.,39,14,6,1,Instagram,5390
205,user_15,2025-06-05 09:29:51,Able condition lead store help.,49,9,4,0,Instagram,7406
206,user_8,2025-06-26 14:51:35,Human western interview fear visit speak involve three can focus Mr about such floor foreign.,49,9,6,0,Twitter,9577
207,user_14,2025-06-25 07:03:31,Each sit understand fear remain customer pattern seek.,43,12,4,1,TikTok,15115
208,user_38,2025-06-25 17:29:32,Small lawyer get less sport her report author.,52,5,11,1,Twitter,9097
209,user_13,2025-06-01 03:27:48,Season forget under must morning bag year show season leave.,62,10,12,0,Instagram,8351
210,user_12,2025-06-25 20:41:18,Agreement for war just begin three perform away.,49,8,7,0,TikTok,12578
211,user_35,2025-06-25 03:54:50,Financial doctor hold none.,42,4,9,1,Twitter,5946
212,user_4,2025-06-05 18:50:57,Across fight reflect organization customer campaign contain.,46,17,8,1,TikTok,6032
213,user_9,2025-06-12 08:41:26,Reduce perhaps information impact history name similar box decade region source if wear out chance or despite position strong blue.,59,12,6,1,Twitter,12927
214,user_1,2025-06-02 12:22:16,Dog lose difference of cause employee everyone perhaps various wide and particular cut list material never better worry word.,50,5,5,1,Instagram,12755
215,user_31,2025-06-21 07:58:36,Live case herself social dog just agency executive.,50,7,10,1,Twitter,10001
216,user_4,2025-06-03 09:22:58,Help learn perform alone near machine tree plan stock new western.,48,11,5,1,Twitter,6108
217,user_5,2025-06-22 13:49:04,Blue try boy space itself final wide worker nature senior child.,43,15,4,1,Twitter,17862
218,user_37,2025-06-12 12:33:35,Cold name side goal speak kitchen outside ever market item.,53,7,13,0,Twitter,6664
219,user_10,2025-05-31 04:28:17,Lose structure heavy class born practice western left another article most still when record.,48,15,7,1,Twitter,13600
220,user_16,2025-06-17 02:21:10,Gun relationship sometimes goal former could hour.,51,7,7,1,TikTok,8524
221,user_39,2025-06-23 16:19:40,Something fire room himself drug check join rise spend base spring six apply south trade loss room.,44,10,11,0,TikTok,14210
222,user_25,2025-06-08 00:27:06,Behind time spend which consider phone special official better food science quality almost five.,42,11,8,1,Instagram,12093
223,user_38,2025-06-01 01:12:56,Policy join short research their account service identify every change wish agree claim.,44,9,8,1,TikTok,6724
224,user_40,2025-06-02 11:09:02,Actually determine pass though.,64,8,9,0,Twitter,12670
225,user_41,2025-06-07 11:39:09,Television matter model boy three with tend staff bit school.,38,9,2,1,TikTok,9002
226,user_6,2025-06-23 22:24:22,Stock resource politics finish address action.,51,12,10,0,Twitter,11474
227,user_36,2025-06-18 01:51:05,Look force ever turn could her.,55,7,5,0,Twitter,13245
228,user_27,2025-06-14 15:19:27,Reality any ever we most other start prevent detail good surface.,44,13,13,1,Instagram,6063
229,user_3,2025-06-18 01:23:56,Seat newspaper whom vote ball miss pattern water.,44,8,11,1,TikTok,15887
230,user_19,2025-06-23 20:23:04,Professor cut billion commercial pay art you not.,54,8,8,0,TikTok,10011
231,user_15,2025-06-17 05:52:32,Specific ask east radio course.,56,10,8,0,Instagram,9778
232,user_8,2025-06-08 19:10:16,History street magazine girl agent direction poor budget.,38,12,11,0,TikTok,8645
233,user_10,2025-06-05 04:55:48,New whether college speech his me.,58,8,7,0,Twitter,9469
234,user_4,2025-06-16 17:30:44,Threat person baby Mr nice expect success.,45,6,9,1,TikTok,5354
235,user_48,2025-06-27 08:06:55,Walk happen usually change Republican range scientist suffer particularly hard as nation important your third help provide road.,45,12,6,1,Instagram,4245
236,user_8,2025-06-01 09:21:59,Edge develop particular moment board establish country charge back effort Democrat program away main real.,51,6,6,1,TikTok,9549
237,user_26,2025-06-18 20:21:52,Arrive send edge nature teach occur.,46,10,14,1,Instagram,8726
238,user_6,2025-06-23 00:59:04,Adult fly usually with build address artist fill section face serious color structure find move training vote your.,59,8,8,0,Instagram,13107
239,user_48,2025-06-09 12:33:34,Magazine because significant run eat million point law American scene trade environmental.,44,9,5,1,Twitter,8355
240,user_6,2025-06-03 02:20:53,Community protect wear make choose glass soon window keep.,51,9,7,0,TikTok,12500
241,user_18,2025-05-30 07:07:54,It future audience option respond news grow something star tree available order call.,44,7,3,0,Twitter,8088
242,user_31,2025-06-16 21:50:14,Lead career guess hope look deal politics whose.,49,5,6,1,Instagram,11375
243,user_12,2025-06-17 20:48:51,Alone run especially prove know two medical mother sort less it plant stock.,49,6,8,1,TikTok,10423
244,user_32,2025-05-29 20:25:16,Pull surface fire service voice the culture.,52,10,5,1,Instagram,3608
245,user_27,2025-06-21 05:45:59,Decision cause agreement city theory stuff hospital design.,44,12,7,1,TikTok,7807
246,user_7,2025-06-25 15:20:49,Water weight on pull above body sport.,54,16,5,1,Instagram,12273
247,user_45,2025-06-02 16:53:55,Drug sea wide health perform yard inside cover cup.,47,16,10,1,TikTok,12973
248,user_26,2025-06-15 16:04:53,Different after almost TV north deep economy rise thing state despite check purpose our game.,46,4,7,0,Instagram,13115
249,user_6,2025-06-13 19:15:01,Box go trial must in person.,39,11,12,1,Instagram,7153
250,user_8,2025-06-23 06:01:40,Benefit too election energy baby hospital quickly phone serious key food body model Mr it.,48,8,6,0,TikTok,15242
251,user_35,2025-06-08 06:26:16,Opportunity computer seem officer common within game.,55,8,7,1,Twitter,12556
252,user_13,2025-06-20 08:44:33,Hold growth reduce recent debate town question rise yes whole wide.,63,11,6,1,TikTok,13754
253,user_49,2025-06-26 06:43:30,Such product firm federal fill a arm low future concern.,52,7,6,1,Twitter,4767
254,user_14,2025-06-22 04:37:36,Decide example information prove town likely focus industry ever.,64,19,4,0,Instagram,11746
255,user_29,2025-06-23 01:39:44,Process attorney usually home cell somebody again gun choice ability institution often machine tend.,44,7,9,0,Twitter,5441
256,user_41,2025-06-03 15:26:21,Child power pay less order others become late space war we hold fund south.,58,9,9,0,TikTok,1503
257,user_11,2025-06-27 02:11:58,Go option face plan million city arrive.,49,6,9,0,TikTok,12143
258,user_27,2025-06-10 00:51:05,Democratic magazine himself some institution just election green.,48,13,7,0,Twitter,3850
259,user_30,2025-06-08 13:31:46,Computer present expert church call discuss.,48,10,16,0,Instagram,10455
260,user_46,2025-06-19 10:01:27,Five race character focus member hard of.,58,9,7,1,Instagram,13764
261,user_31,2025-06-23 19:31:14,Within central language arrive option that fast material.,45,9,9,0,Instagram,13847
262,user_36,2025-06-10 18:47:35,Go example where different lose.,42,7,7,1,Twitter,13263
263,user_39,2025-06-27 03:48:06,Marriage individual surface every school true reveal approach hear.,48,11,5,0,Twitter,8218
264,user_18,2025-06-22 02:43:31,Number yet will particular thing value woman break term.,48,11,7,1,TikTok,9681
265,user_18,2025-05-29 04:39:36,Read fear ever only.,54,15,7,1,TikTok,4043
266,user_20,2025-06-14 03:36:18,Animal late task him huge campaign subject less require man together contain another home officer note.,59,7,6,1,Twitter,8169
267,user_29,2025-06-14 17:48:22,Author study imagine blue story environmental center value suddenly box yard.,51,13,5,1,Instagram,9710
268,user_22,2025-06-14 01:57:40,Likely democratic rich voice fire board plan stand look question whether scientist mention able court.,54,11,11,1,Instagram,8752
269,user_21,2025-06-23 08:05:02,Economic traditional wife by some behavior ok.,55,12,11,0,TikTok,5394
270,user_25,2025-06-15 02:46:39,Amount short church suddenly fill.,46,14,7,1,Twitter,4359
271,user_21,2025-06-22 00:24:13,Mouth term assume call animal defense determine very describe game water son scientist begin.,45,13,11,1,Instagram,5030
272,user_43,2025-06-22 03:31:10,Form begin do skin sea government difference lose upon industry laugh anything.,56,12,7,0,Instagram,8426
273,user_3,2025-06-26 12:08:35,Language draw oil scene body deal middle still.,55,8,2,1,Twitter,10227
274,user_29,2025-06-11 21:01:46,Could how reduce figure represent keep election.,48,6,7,1,Twitter,9181
275,user_47,2025-06-04 16:43:23,Reduce draw Congress line figure.,38,9,10,1,TikTok,7356
276,user_10,2025-06-02 05:01:09,Ever score cover ten past draw.,53,11,7,1,Instagram,7863
277,user_22,2025-05-31 20:44:38,Speech maintain property city evening watch respond development realize raise happen expert important hold thus action actually new citizen.,62,5,3,1,TikTok,7251
278,user_6,2025-06-27 10:16:14,Open science set throughout boy production sort improve under in environmental throughout.,45,10,8,1,Instagram,14066
279,user_41,2025-06-22 01:51:37,Statement rise able deep no lead edge product beat not entire name entire story run.,39,5,13,0,TikTok,7249
280,user_5,2025-06-05 17:10:09,Page mother role strategy happen.,52,12,6,1,Twitter,10979
281,user_48,2025-06-26 12:29:32,Federal hot color side hit.,49,14,6,1,Twitter,13541
282,user_49,2025-06-22 00:43:11,Available military far end else together think that institution.,44,13,12,0,Instagram,16835
283,user_11,2025-06-05 06:35:57,National address role play provide seven level sea mission majority material help.,54,9,3,0,Twitter,6920
284,user_21,2025-06-26 17:23:13,Political south evidence.,54,13,7,1,Instagram,13690
285,user_24,2025-06-19 05:54:04,Camera heart education affect bag debate window son center.,47,6,9,0,Twitter,8422
286,user_34,2025-06-09 04:28:32,The once woman face avoid rest daughter.,41,11,6,0,Twitter,10533
287,user_12,2025-06-06 19:08:48,Even coach notice in Democrat.,35,11,7,1,TikTok,9334
288,user_44,2025-06-10 10:42:16,Weight word address behavior for have official agent.,52,16,9,1,TikTok,6551
289,user_10,2025-06-06 17:21:23,Civil out century one measure loss certain image.,42,10,9,1,TikTok,9475
290,user_17,2025-06-02 00:05:32,Build customer plan discuss peace sit specific condition institution be method cover since data.,53,15,8,1,TikTok,6790
291,user_1,2025-05-31 12:27:42,Floor coach simple name best drive money green economy line college bank leg our.,58,13,8,1,TikTok,14201
292,user_35,2025-06-12 02:31:20,Election evening simply total anyone pattern knowledge ever.,50,12,5,0,Instagram,11662
293,user_23,2025-06-25 02:32:24,Record mother political compare customer eight house happy former friend guy quickly kind party gas white east.,48,10,4,1,TikTok,15087
294,user_28,2025-06-24 22:00:09,Center sea early avoid state old their another particular trade purpose seek.,60,18,4,1,Instagram,15691
295,user_13,2025-06-16 17:18:53,Everything paper continue each daughter certainly run.,58,4,8,1,Twitter,12933
296,user_16,2025-05-28 17:42:21,Court fast campaign environment top national.,37,12,5,1,TikTok,3683
297,user_19,2025-06-21 03:25:43,Life window see wish involve indeed line bag number.,52,8,8,0,TikTok,7307
298,user_26,2025-06-15 15:06:44,Area might pretty again look interview no fly artist.,44,14,12,0,TikTok,6063
299,user_44,2025-06-11 20:57:43,School must member another south.,54,9,7,1,Instagram,8254
300,user_50,2025-06-12 16:56:14,Nature cut show life nation.,54,9,8,1,Twitter,6478
301,user_41,2025-06-18 07:26:33,Computer stock defense loss responsibility speak.,47,11,10,1,TikTok,4479
302,user_49,2025-06-22 03:46:48,In inside ready information in quite I fast wonder someone guess strategy notice pattern officer.,55,6,7,0,TikTok,9903
303,user_7,2025-06-26 07:24:51,Win long fill all evening will beat lose glass summer speak it military institution real say tree different option.,59,13,7,0,Instagram,16374
304,user_29,2025-06-09 21:44:56,Near apply rise generation computer improve.,48,5,6,1,TikTok,13994
305,user_9,2025-06-06 17:38:41,Candidate space garden machine anyone.,53,14,11,1,Instagram,8578
306,user_48,2025-05-30 22:35:36,Identify east hour game skin million method present skill eye painting measure speech.,59,12,14,0,Twitter,8902
307,user_9,2025-05-30 13:31:21,School Congress federal treat evening near service news where resource Mr official return agent employee act military center.,54,11,8,1,TikTok,10328
308,user_33,2025-06-18 02:31:54,Follow could expert foreign skill ok idea avoid seat prove place.,47,9,4,0,Instagram,10227
309,user_31,2025-06-01 22:00:39,Sense example learn find forget rich sport owner federal pay.,46,6,10,1,Twitter,9613
310,user_30,2025-06-14 00:25:27,Area remain push serve stand school.,53,8,7,0,Twitter,11021
311,user_44,2025-06-16 04:28:02,Range far natural quickly successful Mrs have sense work.,55,14,11,1,TikTok,11419
312,user_24,2025-06-20 16:35:28,Discussion accept American throughout where doctor.,54,14,7,1,Twitter,12811
313,user_17,2025-06-22 16:45:45,Man themselves front hand Mr participant hard through civil us lead team law.,46,9,5,0,Instagram,1833
314,user_24,2025-06-03 22:06:17,Role consider future call western late ready so couple pass consider race nothing see.,60,10,8,1,TikTok,12827
315,user_25,2025-06-24 23:47:17,Anything reduce health building appear card serious Congress friend involve ago themselves budget commercial happen.,57,9,9,1,Twitter,8888
316,user_44,2025-06-25 14:35:01,Production their quality management investment huge young smile term order.,44,12,5,1,Twitter,5955
317,user_40,2025-06-04 09:54:27,Oil easy remember score cut figure thousand behind office idea political everyone second special under carry how nation.,50,9,5,1,TikTok,13758
318,user_15,2025-06-04 14:11:21,Could religious actually course statement reason force score stand center.,47,12,9,0,TikTok,8655
319,user_30,2025-06-23 16:36:18,From bank create say will toward hand fire little president.,59,12,4,1,Twitter,6808
320,user_9,2025-05-31 07:48:21,Knowledge why face build.,44,7,9,0,Instagram,7630
321,user_32,2025-06-23 21:22:24,That success buy partner.,46,8,6,0,Twitter,10543
322,user_35,2025-06-17 18:34:44,Training be position lawyer.,38,15,7,1,Instagram,13909
323,user_24,2025-05-30 01:22:58,But night rock theory brother table situation easy thought past job ten statement with although.,46,11,4,1,TikTok,9597
324,user_48,2025-06-26 18:54:00,Explain south team try employee however accept.,33,6,7,1,TikTok,11236
325,user_7,2025-06-01 12:51:09,Player enjoy threat rich eat use public young serious this.,60,13,8,1,Instagram,8157
326,user_3,2025-05-29 01:34:31,These official small happen open huge ever partner reflect as whatever.,46,11,8,0,Instagram,7870
327,user_29,2025-06-20 01:09:02,Security day sea head accept decide score safe PM clearly.,54,12,4,1,Twitter,8644
328,user_44,2025-05-31 16:30:37,Strategy center conference final treatment usually science thousand positive produce outside behind dog.,40,16,10,1,Twitter,7631
329,user_26,2025-06-27 10:19:14,Here case hot data officer garden.,47,12,8,0,Twitter,9807
330,user_30,2025-05-29 13:10:12,Seek yourself whether by process clearly.,50,15,13,0,TikTok,11608
331,user_41,2025-06-21 10:12:21,Rise of collection environmental thought doctor energy however center you relate style movement.,48,9,9,0,Twitter,9737
332,user_22,2025-06-07 08:28:08,Manage after increase human father prepare.,49,10,4,0,TikTok,11644
333,user_14,2025-06-10 14:06:14,Team walk public company tonight growth strong.,44,14,9,0,TikTok,13024
334,user_14,2025-06-27 16:37:10,Lose Mrs commercial artist throw trial a one either sort.,52,10,7,1,Twitter,8351
335,user_39,2025-06-18 14:37:18,Put every require.,54,11,8,1,Twitter,10147
336,user_9,2025-06-16 12:47:14,Magazine work management current tough pay program daughter rather.,45,12,12,1,Twitter,12306
337,user_8,2025-06-27 09:39:42,Put floor ability wait only certain card production person suggest.,53,11,6,0,Twitter,15770
338,user_1,2025-06-05 15:40:08,Between thing yard travel lose call sometimes lot me tell truth series.,49,10,9,0,TikTok,7676
339,user_21,2025-06-22 12:16:11,Beyond see leg face.,51,10,7,0,Instagram,8535
340,user_4,2025-06-02 03:16:04,Day prepare green suddenly can term already why.,43,13,3,1,TikTok,11899
341,user_8,2025-06-26 10:38:50,Over style maybe add plan.,58,3,7,1,Instagram,7964
342,user_50,2025-05-31 22:42:40,Behavior seem you during always baby whom serve.,47,11,8,0,Instagram,9045
343,user_33,2025-06-26 23:09:35,Large man line military here really court consumer history.,50,11,6,0,TikTok,9686
344,user_43,2025-05-30 08:02:48,Bar approach gun PM describe development pretty military myself end during teacher we fly.,52,11,11,1,Instagram,11179
345,user_42,2025-05-29 11:30:18,Medical good discover site.,54,7,6,0,Instagram,9129
346,user_26,2025-06-05 18:11:57,The certainly find speak break personal draw can field play control picture area serious.,56,11,7,0,Instagram,8915
347,user_46,2025-06-21 02:13:19,Business assume lose baby hold fish brother many end spend.,58,16,12,0,Twitter,5499
348,user_21,2025-06-27 00:26:05,How board check machine college increase find might.,53,13,10,0,Twitter,7663
349,user_9,2025-06-20 09:17:40,Nice region eat Mr image bit image.,35,10,7,1,Instagram,15092
350,user_39,2025-06-19 09:55:37,Cost stop tell gas situation list dog list boy tonight politics.,48,12,14,1,Instagram,7957
351,user_33,2025-06-10 17:05:29,Information relationship yeah red discuss than relate step.,59,4,8,1,Twitter,13438
352,user_45,2025-06-02 21:14:31,Population over across significant land.,46,6,9,0,Instagram,9706
353,user_29,2025-06-07 06:17:58,Like later television who report measure collection car.,60,3,4,1,Instagram,8563
354,user_30,2025-06-07 05:45:09,Keep personal political together raise daughter long soldier human.,49,9,7,1,TikTok,11078
355,user_7,2025-06-10 22:47:19,Performance carry decide follow man other enjoy participant eye early culture food.,46,10,8,1,Instagram,7618
356,user_43,2025-06-27 16:17:41,Brother area take keep tend beautiful.,42,10,8,1,Twitter,10448
357,user_44,2025-06-15 15:31:39,Side again necessary occur technology head model tend same rule ahead local magazine fine reach special.,39,18,6,0,Twitter,15965
358,user_6,2025-06-06 00:22:31,Man unit challenge sure performance morning.,48,10,10,1,Twitter,16841
359,user_48,2025-06-03 14:51:59,Together million within point especially Congress soon visit hand.,49,10,7,0,TikTok,10492
360,user_4,2025-06-21 03:15:37,Ten physical clearly huge do issue several edge green.,49,6,11,1,TikTok,16588
361,user_8,2025-06-14 06:33:29,Concern machine political west red agreement choose sign indicate stuff.,47,8,5,1,TikTok,5924
362,user_49,2025-06-11 12:51:14,North while son threat including nice hold network city hand two.,50,7,11,0,Instagram,6760
363,user_39,2025-06-10 16:33:17,Feeling subject a season issue home.,52,7,5,1,Twitter,13619
364,user_37,2025-06-21 22:49:12,Beautiful still happy economic discover upon gas fund environment.,51,8,10,0,Twitter,5418
365,user_43,2025-06-14 05:23:57,Official leg win building speak member hot.,46,10,7,0,Twitter,4836
366,user_23,2025-06-09 22:38:20,Until think court much open left modern tough up.,54,8,12,1,Twitter,7251
367,user_49,2025-06-16 18:25:10,Change show laugh out others list not daughter fight.,49,11,5,0,Instagram,3891
368,user_36,2025-06-05 17:01:46,Care word list home population star say wait program national young job expect decide skin.,45,14,10,0,TikTok,10142
369,user_43,2025-06-08 17:11:48,Father admit relate experience office article message.,38,8,5,0,Twitter,10236
370,user_18,2025-06-06 18:33:37,According hard way theory address finally should above owner.,49,11,4,1,Instagram,13161
371,user_1,2025-06-07 16:29:35,Together west happy away the certain.,45,7,11,0,TikTok,13240
372,user_43,2025-06-07 22:02:45,Imagine hot if down and purpose admit eight myself church the Republican I physical.,75,13,7,0,Twitter,12828
373,user_48,2025-06-02 04:59:16,Yourself back magazine indeed left clear especially spend many instead line media quickly today blue.,58,10,9,0,Twitter,14109
374,user_48,2025-06-21 19:28:38,Most cell challenge safe for back against style better hit hold operation.,53,8,7,0,Instagram,6741
375,user_27,2025-06-03 06:28:14,Red available if start whether wonder or national car lose.,37,13,10,1,Twitter,9362
376,user_24,2025-06-23 21:57:07,Feeling second president add parent focus.,47,5,4,1,TikTok,13536
377,user_39,2025-06-07 16:05:32,Hit other return force before give.,52,11,6,0,Twitter,14672
378,user_11,2025-06-17 21:14:51,Kid money bar guy subject mean game exactly tell environmental poor total develop why security simply exactly measure.,54,8,9,0,TikTok,11561
379,user_6,2025-06-14 05:22:08,Maybe experience close either rule see animal general charge analysis defense.,56,14,8,1,TikTok,7464
380,user_28,2025-06-05 05:33:34,Far south sport too model easy police about little draw strong wear environment food.,44,15,7,1,Instagram,11660
381,user_18,2025-06-10 10:39:24,Social main evening your hundred.,54,13,9,0,Instagram,12071
382,user_28,2025-06-10 23:28:17,Environmental low trip board few.,49,12,4,1,TikTok,10796
383,user_44,2025-06-25 08:10:07,Already kind drug still himself down relate property feeling often space between.,48,6,8,1,TikTok,13540
384,user_43,2025-06-07 23:29:52,Year wonder well expert player always near also law real.,53,15,13,0,Twitter,13432
385,user_26,2025-05-29 19:36:10,Speech light quickly level kind structure TV kid practice market allow another huge.,53,9,9,0,Twitter,14179
386,user_14,2025-06-15 15:56:09,Should look author challenge so voice window.,45,11,6,0,Twitter,12518
387,user_49,2025-06-09 08:34:36,Public Mr keep guy tax ever tonight yard start newspaper.,61,7,10,1,Instagram,12426
388,user_8,2025-06-04 09:46:18,Try gun six within spring might.,47,11,5,1,TikTok,8246
389,user_28,2025-06-05 18:02:01,Number the test first.,40,16,8,0,Instagram,10428
390,user_35,2025-06-20 06:06:56,Only everybody represent teach Mr official return improve.,49,9,8,1,Twitter,10030
391,user_26,2025-06-25 02:39:36,Movie us animal everyone second tax.,59,7,9,1,Twitter,10167
392,user_30,2025-06-24 06:16:00,Author century appear war.,49,12,9,1,TikTok,9071
393,user_28,2025-05-29 13:07:53,Condition according boy hold sound style himself gas.,59,9,13,1,TikTok,5149
394,user_41,2025-06-02 07:46:52,Tend campaign throw resource professional sit difference test again.,62,17,8,1,Twitter,9311
395,user_26,2025-06-18 15:39:03,My smile they today.,42,9,7,1,Twitter,6225
396,user_40,2025-06-23 03:53:44,Among hair field management other such such reflect run.,55,12,8,1,Twitter,12194
397,user_28,2025-06-12 13:17:20,Indeed meeting standard arm it not its.,44,9,5,0,Instagram,12853
398,user_38,2025-06-20 17:15:54,Off radio throw amount represent discussion join consumer since act.,41,13,8,0,Instagram,11580
399,user_20,2025-06-23 22:53:57,Charge another society wide buy southern nearly open share hope second those need.,56,7,8,0,Instagram,12168
400,user_50,2025-06-01 23:12:30,Level production marriage just.,53,10,7,0,TikTok,10335
401,user_41,2025-06-17 22:40:33,Manage different everybody effort.,59,10,11,0,Instagram,13311
402,user_23,2025-06-19 23:31:43,Attention region yard eight investment activity run about thing again high piece country.,59,5,8,0,Twitter,9231
403,user_7,2025-06-13 19:42:06,Before majority dark toward adult magazine appear and.,44,14,7,1,Twitter,14082
404,user_12,2025-06-23 00:24:29,Point change test leg ten own knowledge expect place they watch play answer business laugh happen talk officer.,64,17,11,0,TikTok,10079
405,user_5,2025-06-12 17:47:31,Phone population wear third letter.,57,8,6,1,Instagram,11458
406,user_49,2025-06-06 08:17:13,Dark detail home cause game general him see spend stock determine paper station those.,51,9,5,1,TikTok,4151
407,user_37,2025-05-29 16:24:18,Offer up talk leader pull notice represent question main.,48,8,7,1,TikTok,11882
408,user_21,2025-06-11 15:37:14,Story level send feeling.,40,10,12,1,Twitter,9161
409,user_31,2025-05-29 11:07:49,Test computer almost own structure difficult medical everything mission car share seven southern experience day yeah.,40,13,6,1,Instagram,12056
410,user_38,2025-06-15 01:25:42,Ago win that above book.,53,10,10,1,TikTok,9575
411,user_5,2025-06-01 17:14:07,Degree organization allow form successful ball but talk treat tree capital.,36,12,7,1,Instagram,8397
412,user_3,2025-06-25 01:10:37,Management nor both compare party.,58,10,5,1,Instagram,10452
413,user_5,2025-06-10 00:31:46,Black could save another morning find minute win necessary important ten body dinner perform call end course.,72,8,9,0,TikTok,10603
414,user_39,2025-06-13 13:15:41,Difference candidate campaign rate authority themselves list life.,48,11,6,1,Instagram,8731
415,user_38,2025-06-02 02:40:39,On determine involve public consumer region project out vote present couple general state quality agent.,48,6,6,0,Instagram,7311
416,user_37,2025-06-09 19:12:55,Bank father western down across check safe between make that red give whole spring special responsibility prove probably foreign.,48,15,12,0,Instagram,10910
417,user_39,2025-06-06 23:11:04,Necessary month response some new Mrs stand offer Mr story just.,42,12,4,0,Twitter,16435
418,user_29,2025-05-30 20:43:03,Lawyer glass his rather represent them.,53,7,10,1,TikTok,12684
419,user_6,2025-06-26 08:56:47,Yet write anything because actually race seek heavy discover though local seven success gun the ground.,36,11,11,0,Twitter,9845
420,user_16,2025-06-18 17:48:16,Do sit may fund participant play walk computer.,41,17,10,1,TikTok,11509
421,user_34,2025-06-18 08:44:11,Pretty another paper southern wrong fish forward cause level ball line.,49,9,10,0,Instagram,10577
422,user_24,2025-05-31 16:27:39,Him must table teacher between help.,51,5,5,1,Instagram,17176
423,user_50,2025-06-26 13:20:40,New to consumer baby thousand color perform art class idea.,51,7,8,0,TikTok,9480
424,user_42,2025-06-02 12:25:36,Realize once child suggest better cause nothing up someone from common him.,54,10,10,0,Instagram,9020
425,user_7,2025-06-08 19:41:45,True its job run wind moment treat stock.,49,9,12,1,Instagram,8592
426,user_17,2025-06-23 03:33:09,But the truth outside building sea bag bag care.,44,11,9,0,Instagram,10089
427,user_6,2025-05-31 16:47:32,Last go partner child rather debate cell south interview student before room opportunity degree wonder door hit fast either.,46,14,7,0,Instagram,12819
428,user_20,2025-05-30 11:36:31,Of tonight difficult his key loss practice situation station difficult north activity.,48,9,8,1,Twitter,8831
429,user_39,2025-06-09 07:22:45,Parent brother produce notice.,65,8,10,1,TikTok,10259
430,user_25,2025-06-11 01:43:49,Star commercial available free bit sound yeah now available cut dinner pull food people have half point speech kind occur threat.,50,10,7,1,Twitter,8727
431,user_43,2025-05-30 22:28:27,Sister doctor up ask just present early suddenly home environment around piece nor answer teach marriage threat thought lose.,47,8,11,0,TikTok,10226
432,user_43,2025-05-28 22:06:47,Behind learn information surface together president off ok debate little boy bill give.,41,10,5,1,Twitter,6925
433,user_24,2025-06-01 05:23:07,Like lead get fly individual another.,55,8,4,0,Twitter,12067
434,user_22,2025-05-28 20:39:17,Pressure feel hard just federal responsibility campaign foot approach stay term seek send newspaper state.,43,10,11,0,Twitter,7949
435,user_9,2025-05-31 03:53:54,Along main there condition film perform food.,58,7,4,0,Instagram,8725
436,user_7,2025-06-18 23:53:18,Give staff entire day Congress great require Republican design admit individual specific detail.,58,7,9,0,TikTok,13174
437,user_22,2025-06-03 16:50:09,Change right me side thank difficult serve part both box international eat rule store bar say.,50,9,6,0,TikTok,7701
438,user_25,2025-06-11 19:37:28,Whose you field less perhaps house.,43,6,5,0,Twitter,6615
439,user_45,2025-06-24 04:06:34,Statement only type our manage room without manage glass firm lot forward idea throughout pass use lot.,38,15,9,0,TikTok,11668
440,user_29,2025-06-25 02:33:18,Civil around sign practice western.,49,9,9,1,Instagram,8226
441,user_44,2025-06-02 11:58:19,Girl area two respond positive husband teach keep goal.,50,6,6,1,TikTok,7467
442,user_19,2025-06-22 07:01:13,Describe try current rich large opportunity yard area center hit appear.,47,12,10,0,TikTok,11927
443,user_16,2025-06-06 11:23:26,Sister not office kitchen skin cell bed rise Democrat beyond pay.,53,11,12,1,Twitter,8797
444,user_24,2025-06-06 23:33:21,Accept area modern avoid help everything buy yet though be plant tree case voice happy eat present run vote nature opportunity.,42,9,9,1,Instagram,12447
445,user_50,2025-06-09 06:35:09,Degree represent draw decision teacher number film protect about the.,55,6,6,1,TikTok,13872
446,user_34,2025-05-30 09:43:06,Station center skin whole authority anyone produce her blue father.,53,14,5,0,Twitter,17763
447,user_39,2025-05-29 11:44:41,History cold western buy sing base rise mean.,57,11,13,1,Twitter,9373
448,user_42,2025-06-27 02:18:54,Prevent control skin why war everything after Republican field official raise fine well.,54,14,5,1,TikTok,9061
449,user_7,2025-06-06 15:12:58,Person answer me relate long month ok population the.,58,11,8,0,Instagram,11963
450,user_6,2025-05-30 00:55:25,Owner her despite local push successful pay produce eight.,64,5,10,1,Instagram,10279
451,user_33,2025-06-15 19:38:31,Along lot everyone break tax inside edge.,58,8,8,1,Twitter,11009
452,user_15,2025-06-18 04:14:19,Increase them partner involve pattern listen someone.,42,8,10,1,Twitter,12744
453,user_27,2025-06-02 04:18:26,Least join hear series democratic.,58,13,7,1,TikTok,9429
454,user_24,2025-06-22 15:45:26,Assume course wrong modern.,49,12,4,1,Twitter,5507
455,user_24,2025-06-15 11:44:42,Near camera remember one not song sense for mission.,57,6,12,0,Instagram,12526
456,user_7,2025-06-06 11:15:40,What actually though happen attack teach always memory forward outside into professor single few war.,61,9,5,1,Twitter,10069
457,user_9,2025-06-15 13:36:56,Conference mouth factor it candidate great.,61,9,6,1,Instagram,13276
458,user_45,2025-06-10 09:25:24,Central knowledge speech citizen traditional.,45,11,9,1,Instagram,5570
459,user_40,2025-06-15 00:26:34,Child century street.,38,8,7,0,Twitter,12051
460,user_17,2025-06-14 16:48:13,Walk treat their opportunity happen.,63,9,8,0,TikTok,9840
461,user_47,2025-06-22 22:16:07,Most reflect case form rule step use raise consumer police like doctor during author today west.,46,7,3,1,Twitter,12063
462,user_50,2025-06-22 10:47:24,Young body strong whether one.,58,7,7,0,Instagram,8161
463,user_8,2025-06-09 17:49:26,Chair it know family where.,43,11,7,0,Instagram,9890
464,user_41,2025-06-06 15:02:51,He similar fast difference we cup position treat girl race enough especially person daughter worry mind manager from.,46,10,7,1,Twitter,11978
465,user_8,2025-06-23 19:26:12,Affect hear ready today stuff charge loss floor should since.,60,13,6,0,TikTok,10123
466,user_33,2025-06-23 13:32:38,Analysis number example usually face religious peace Mrs involve.,48,11,7,0,TikTok,11793
467,user_10,2025-06-10 04:57:59,Help happy loss team popular former foot stay sister past song.,48,9,9,1,Twitter,6342
468,user_40,2025-06-10 12:31:50,Show cup pattern push star part.,44,11,7,0,TikTok,9687
469,user_27,2025-06-26 04:59:32,Meet how sure Republican music smile strong.,47,7,7,0,TikTok,10993
470,user_24,2025-06-03 21:38:51,Turn book hot away something out.,57,10,10,0,Instagram,14854
471,user_31,2025-06-24 22:50:50,Hour perhaps lawyer.,51,13,6,1,Instagram,13164
472,user_17,2025-05-31 00:26:42,Father break her decide.,50,10,11,1,Twitter,9891
473,user_23,2025-06-11 16:05:27,Policy area almost forward history long.,50,7,8,0,TikTok,13502
474,user_48,2025-06-25 19:44:23,Along teach event close traditional relationship.,49,11,7,0,Twitter,7828
475,user_23,2025-06-07 22:29:17,Mention week my century plan themselves person thus gun forward yourself western none professor.,47,14,5,1,TikTok,9435
476,user_12,2025-06-01 18:41:54,Part kind draw check degree finally agent understand Republican lawyer to into indicate money.,60,9,10,1,TikTok,9689
477,user_31,2025-06-07 13:57:29,Once interesting nothing religious late religious shoulder deal color.,50,8,10,0,Twitter,7778
478,user_5,2025-06-17 18:30:34,Room instead any clearly lose fly data drive space four.,63,13,10,0,Instagram,12594
479,user_13,2025-06-09 07:32:10,Power process happen east.,52,9,7,0,Twitter,9176
480,user_21,2025-06-17 13:32:40,Heart store civil important radio worker response need hair.,55,13,11,1,TikTok,12619
481,user_31,2025-06-21 14:32:09,Evening development drive set forward reduce science American produce visit tax.,50,10,9,0,TikTok,4850
482,user_13,2025-06-09 18:23:29,Get recognize institution community argue include purpose sort seem attack position.,57,6,10,1,Twitter,5885
483,user_42,2025-06-13 22:28:28,Side lay around nature side production message pass heart individual series newspaper.,59,17,2,1,Twitter,3941
484,user_24,2025-06-25 18:14:06,Animal site there sign thank respond modern more experience daughter test.,49,14,6,1,TikTok,11646
485,user_29,2025-06-10 01:18:11,Available until bank letter price describe.,54,8,4,1,Twitter,5128
486,user_32,2025-06-18 23:07:43,Nice southern debate avoid military business citizen mean day begin why.,43,4,6,1,TikTok,8890
487,user_18,2025-06-21 10:26:28,Because manage act reality lot us run.,48,8,6,1,Twitter,19269
488,user_28,2025-06-01 21:42:30,Success whose possible gun officer brother coach figure present.,58,4,7,0,TikTok,10840
489,user_19,2025-06-22 04:42:17,Senior record campaign under suffer way example can.,48,15,8,0,Twitter,10321
490,user_21,2025-06-26 19:02:49,Nor financial left herself chance throw itself kid top likely.,49,7,6,1,Instagram,9043
491,user_29,2025-06-16 16:38:40,Population everybody serious hard lot current easy condition interview design tell never our.,51,10,7,1,Twitter,18447
492,user_45,2025-06-03 16:53:53,Kind part southern time ball middle thing.,45,10,9,1,Instagram,2827
493,user_3,2025-06-12 17:42:08,Cover apply tree participant word adult month.,59,9,9,1,Instagram,7162
494,user_41,2025-06-16 19:04:23,Say clearly newspaper outside.,38,9,7,0,TikTok,10779
495,user_41,2025-06-17 06:40:27,City analysis specific meet actually protect store far new economy player.,48,10,5,1,TikTok,12017
496,user_48,2025-06-08 17:44:02,True become tonight lawyer agency service really to Republican laugh local decision soldier those those quality wall.,48,7,9,0,Twitter,15312
497,user_10,2025-06-22 04:16:20,Behind go bag as fear remain nice movement population likely manager brother group such arrive itself new draw discover.,43,12,8,1,Twitter,8995
498,user_9,2025-06-15 08:55:02,Create talk most statement which else.,43,7,4,0,TikTok,4618
499,user_24,2025-06-22 15:07:21,Just for southern tax fire face authority gas especially walk power star character.,53,12,10,1,TikTok,7787
500,user_3,2025-06-02 23:05:20,Simple this firm decade loss set direction doctor chance.,50,15,9,0,TikTok,7497
